<?xml version="1.0" encoding="UTF-8"?><!-- This file was auto-generated from WSDL --><!-- by the Apache Axis2 version: 1.6.3  Built on : Jun 27, 2015 (11:17:49 BST) --><serviceGroup>
    <service name="Validaciones">
        <messageReceivers>
            <messageReceiver mep="http://www.w3.org/ns/wsdl/in-out" class="org.example.www.validaciones.ValidacionesMessageReceiverInOut"/>
        </messageReceivers>
        <parameter name="ServiceClass">org.example.www.validaciones.ValidacionesSkeleton</parameter>
        <parameter name="useOriginalwsdl">true</parameter>
        <parameter name="modifyUserWSDLPortAddress">true</parameter>
        <operation name="validarIBAN" mep="http://www.w3.org/ns/wsdl/in-out" namespace="http://www.example.org/Validaciones/">
            <actionMapping>http://www.example.org/Validaciones/validarIBAN</actionMapping>
            <outputActionMapping>http://www.example.org/Validaciones/Validaciones/validarIBANResponse</outputActionMapping>
        </operation>
        <operation name="validarNAF" mep="http://www.w3.org/ns/wsdl/in-out" namespace="http://www.example.org/Validaciones/">
            <actionMapping>http://www.example.org/Validaciones/validarNAF</actionMapping>
            <outputActionMapping>http://www.example.org/Validaciones/Validaciones/validarNAFResponse</outputActionMapping>
        </operation>
        <operation name="validarNIF" mep="http://www.w3.org/ns/wsdl/in-out" namespace="http://www.example.org/Validaciones/">
            <actionMapping>http://www.example.org/Validaciones/validarNIF</actionMapping>
            <outputActionMapping>http://www.example.org/Validaciones/Validaciones/validarNIFResponse</outputActionMapping>
        </operation>
        <operation name="validarNIE" mep="http://www.w3.org/ns/wsdl/in-out" namespace="http://www.example.org/Validaciones/">
            <actionMapping>http://www.example.org/Validaciones/validarNIE</actionMapping>
            <outputActionMapping>http://www.example.org/Validaciones/Validaciones/validarNIEResponse</outputActionMapping>
        </operation>
    </service>
</serviceGroup>
