<?xml version="1.0" encoding="UTF-8"?><!-- This file was auto-generated from WSDL --><!-- by the Apache Axis2 version: 1.6.3  Built on : Jun 27, 2015 (11:17:49 BST) --><serviceGroup>
    <service name="empleados">
        <messageReceivers>
            <messageReceiver mep="http://www.w3.org/ns/wsdl/in-out" class="org.example.www.empleados.EmpleadosMessageReceiverInOut"/>
        </messageReceivers>
        <parameter name="ServiceClass">org.example.www.empleados.EmpleadosSkeleton</parameter>
        <parameter name="useOriginalwsdl">true</parameter>
        <parameter name="modifyUserWSDLPortAddress">true</parameter>
        <operation name="modificar" mep="http://www.w3.org/ns/wsdl/in-out" namespace="http://www.example.org/empleados/">
            <actionMapping>http://www.example.org/empleados/modificar</actionMapping>
            <outputActionMapping>http://www.example.org/empleados/empleados/modificarResponse</outputActionMapping>
        </operation>
        <operation name="consultar" mep="http://www.w3.org/ns/wsdl/in-out" namespace="http://www.example.org/empleados/">
            <actionMapping>http://www.example.org/empleados/consultar</actionMapping>
            <outputActionMapping>http://www.example.org/empleados/empleados/consultarResponse</outputActionMapping>
        </operation>
        <operation name="nuevo" mep="http://www.w3.org/ns/wsdl/in-out" namespace="http://www.example.org/empleados/">
            <actionMapping>http://www.example.org/empleados/nuevo</actionMapping>
            <outputActionMapping>http://www.example.org/empleados/empleados/nuevoResponse</outputActionMapping>
        </operation>
        <operation name="borrar" mep="http://www.w3.org/ns/wsdl/in-out" namespace="http://www.example.org/empleados/">
            <actionMapping>http://www.example.org/empleados/borrar</actionMapping>
            <outputActionMapping>http://www.example.org/empleados/empleados/borrarResponse</outputActionMapping>
        </operation>
    </service>
</serviceGroup>
